{"format":2,"version":"7.3.2","globals":"54f227e516abe37c03f4bb6295bcf432","files":{"sudoku_game_2_py":{"hash":"bfd4a1e4899324ac89883154a127354e","index":{"nums":[0,1,231,0,60,0,0,0],"html_filename":"sudoku_game_2_py.html","relative_filename":"sudoku_game_2.py"}},"sudoku_test_py":{"hash":"8eb285397f1ea3b5b854341380de5249","index":{"nums":[0,1,69,0,7,0,0,0],"html_filename":"sudoku_test_py.html","relative_filename":"sudoku_test.py"}},"sudoku_integ_test_py":{"hash":"e5c23d927f0656c97d714028948d3501","index":{"nums":[0,1,14,0,4,0,0,0],"html_filename":"sudoku_integ_test_py.html","relative_filename":"sudoku_integ_test.py"}}}}